id,name,slug
4,Loganiaceae,West Indian Pinkroot
5,Campanulaceae,Bog Lobelia
6,Dryopteridaceae,Korean Rockfern
7,Rosa,Scribner's Grass
8,Orthotrichaceae,Orthotrichum Moss
9,Rosaceae,Nepalese Firethorn
10,Poaceae,Creeping Muhly
11,Brassicaceae,Desert Madwort
12,Fabaceae,Little White Bird's-foot
13,Fagaceae,Hybrid Oak
14,Parmeliaceae,Confederate Bulbothrix Lichen
15,Asteraceae,Hayfield Tarweed
16,Caprifoliaceae,Mountain Snowberry
17,Umbilicariaceae,Hairy Navel Lichen
18,Rubiaceae,Mitchella
19,Verrucariaceae,Zahlbruckner's Earth Lichen
20,Arthoniaceae,Eckfeldt's Dot Lichen
