id,name,email,password,created,updated
4,Andeee Slimming,aslimming3@ucsd.edu,aV6.V.N3%d4Bjgu',2023-10-21 03:02:35,2023-10-21 18:52:09
5,Yasmeen Blaksland,yblaksland4@google.pl,gZ4f?KnT'aO$a,2023-10-24 07:59:12,2023-10-21 16:52:13
6,Christean Bratley,cbratley5@walmart.com,yK2n{Hy`J9oz`%2b,2023-10-22 06:18:57,2023-10-24 09:10:19
7,Mart Insoll,minsoll6@ihg.com,"dN2WS,SP|B?1=S,",2023-10-24 12:01:18,2023-10-22 04:29:09
8,Ashien Lamberteschi,alamberteschi7@aol.com,zG8HT2at#r02iw*,2023-10-23 00:42:19,2023-10-23 14:11:09
9,Broddie Kiloh,bkiloh8@aboutads.info,"cY08WViyo)xA)Ms""",2023-10-24 04:17:40,2023-10-23 21:47:59
10,Marinna Helkin,mhelkin9@wordpress.org,gZ5sY&3}G,2023-10-21 22:48:23,2023-10-23 05:19:05
11,Norine Bayford,nbayforda@cargocollective.com,bN0c&uB>u5)Y,2023-10-23 06:19:56,2023-10-23 03:00:19
12,Alard Shewring,ashewringb@wunderground.com,iP2tntfK2,2023-10-22 09:23:20,2023-10-24 10:52:51
13,Vasili Gohier,vgohierc@amazon.de,qZ4R=Rfx%+}kO,2023-10-22 04:28:39,2023-10-21 07:18:36
14,Timothea Tryhorn,ttryhornd@mayoclinic.com,"oC9bNs\{%L,7",2023-10-23 10:54:25,2023-10-23 20:40:26
15,Evan Angrave,eangravee@cnn.com,gV4u|n`Zd7,2023-10-23 04:21:56,2023-10-21 12:51:17
16,Shauna Covotti,scovottif@google.es,tP8ayVDAX>Stfl<P,2023-10-22 09:12:02,2023-10-24 10:31:52
17,Darrin Gravett,dgravettg@oaic.gov.au,aL3d1On3)N,2023-10-21 00:09:33,2023-10-21 23:32:41
18,Brigid McTerlagh,bmcterlaghh@paypal.com,nJ5O7D`zR$qu\9f,2023-10-24 04:44:29,2023-10-22 08:15:53
19,Essa Kumar,ekumari@tmall.com,rI4b_2VS,2023-10-23 00:30:03,2023-10-23 15:27:39
20,Brander Hoffner,bhoffnerj@slashdot.org,kA5Z#NIJPyHj,2023-10-23 11:49:25,2023-10-21 20:33:53
21,Welch Avesque,wavesquek@tmall.com,hN2`fHL~@id4,2023-10-23 21:42:35,2023-10-23 23:06:18
22,Karola Grayer,kgrayerl@virginia.edu,xS1t{>FCfuSoc59U,2023-10-21 17:56:20,2023-10-21 19:58:28
23,Elvera Reedman,ereedmanm@google.co.uk,rU7R6Ypt*CapmCp,2023-10-23 23:28:04,2023-10-24 07:47:54
24,Chelsea Meads,cmeadsn@cargocollective.com,xX0GY3bE.Yt,2023-10-21 03:27:19,2023-10-23 10:43:52
25,Jonis Lornsen,jlornseno@stumbleupon.com,xV5*aDZ}3,2023-10-23 18:19:42,2023-10-21 23:47:57
26,Zitella Velasquez,zvelasquezp@google.com,dQ4c'e#l/%+*s,2023-10-24 11:14:21,2023-10-24 23:52:12
27,Candy Gorman,cgormanq@paypal.com,qV3jHuy@d_k$,2023-10-21 17:30:46,2023-10-22 01:32:36
28,Cristiano Mahon,cmahonr@qq.com,cZ2P2&1!j9,2023-10-23 17:15:28,2023-10-24 06:27:59
29,Wilek Blumer,wblumers@ifeng.com,xI6!6*<dgE,2023-10-21 16:17:53,2023-10-22 08:23:09
30,Harland Todeo,htodeot@earthlink.net,uX4J15b/W,2023-10-23 17:09:04,2023-10-24 08:47:52
31,Darbee Iskowicz,diskowiczu@dailymail.co.uk,"qK9q>0yq""v",2023-10-23 16:40:15,2023-10-24 15:26:43
32,Sherwynd Ghidoni,sghidoniv@usnews.com,lU0fTNKtP,2023-10-22 16:22:08,2023-10-22 03:01:11
33,Herta Comusso,hcomussow@scribd.com,iB7V<DESsu3F,2023-10-23 08:58:19,2023-10-21 16:30:26
34,Hilton Tremmel,htremmelx@indiegogo.com,fV5<ExPBii(,2023-10-24 15:14:31,2023-10-21 03:05:17
35,Eddie Kyme,ekymey@disqus.com,uQ7S6*\I2|&X2cD,2023-10-24 00:40:50,2023-10-23 15:40:02
36,Skippy McGee,smcgeez@ucoz.ru,"eM0""|t&bKn)y",2023-10-21 02:31:34,2023-10-24 16:33:06
37,Donny Paolazzi,dpaolazzi10@howstuffworks.com,rZ8p{hr0Ed,2023-10-23 16:42:36,2023-10-24 13:38:42
38,Rudy Cornewell,rcornewell11@epa.gov,dJ8Qv'0Q5tfQ&TO,2023-10-23 09:24:41,2023-10-21 16:24:35
39,Grethel Mattityahou,gmattityahou12@kickstarter.com,bN8zn+H{D,2023-10-23 09:02:44,2023-10-23 16:19:53
40,Sasha Sedgeman,ssedgeman13@google.pl,fK1LX/Cq),2023-10-21 13:44:56,2023-10-24 10:28:01
41,Sandy Rawcliffe,srawcliffe14@simplemachines.org,"rW6o.Vvo?t*""\",2023-10-21 17:16:48,2023-10-22 17:12:49
42,Mendy Cristofolo,mcristofolo15@google.pl,dW58W<Ri1t8FN|,2023-10-22 13:07:58,2023-10-24 21:43:04
43,Damiano Mc Meekan,dmc16@freewebs.com,sX4R0_S},2023-10-23 10:08:26,2023-10-24 17:30:50
44,Elayne Tatnell,etatnell17@furl.net,bD6}NSZq%*eQIpwd,2023-10-23 21:08:12,2023-10-24 18:32:51
45,Renaud Thorald,rthorald18@ycombinator.com,tB8v_yXM,2023-10-23 20:06:50,2023-10-22 23:26:26
46,Erskine Ivashin,eivashin19@aboutads.info,qO3}ph)@q4G~S,2023-10-24 05:48:21,2023-10-23 05:42:28
47,Zondra Barthelet,zbarthelet1a@moonfruit.com,mB4Ajp&R,2023-10-24 00:40:11,2023-10-21 16:12:33
48,Hedwig Ebanks,hebanks1b@amazon.de,"aI5(Jkn~`'@u,z",2023-10-21 02:04:58,2023-10-21 02:20:59
49,Niki Fendley,nfendley1c@yahoo.com,cE450Ka05$2%H,2023-10-21 18:25:47,2023-10-21 10:44:22
50,Sergio Jozwiak,sjozwiak1d@photobucket.com,xY6#!2FKPGR,2023-10-24 21:20:01,2023-10-21 06:56:56
